<toolSet name="External Tools">
  <tool name="autopep8" showInMainMenu="false" showInEditor="false" showInProject="false" showInSearchPopup="false" disabled="true" useConsole="true" showConsoleOnStdOut="false" showConsoleOnStdErr="false" synchronizeAfterRun="true">
    <exec>
      <option name="COMMAND" value="venv/bin/autopep8" />
      <option name="PARAMETERS" value="--in-place --aggressive --aggressive $FilePath$" />
      <option name="WORKING_DIRECTORY" value="$ProjectFileDir$" />
    </exec>
    <filter>
      <option name="NAME" value="No name" />
      <option name="DESCRIPTION" />
      <option name="REGEXP" value="$FILE_PATH$\:$LINE$\:$COLUMN$\:.*" />
    </filter>
  </tool>
  <tool name="pylint" description="run pylint on project sources" showInMainMenu="false" showInEditor="false" showInProject="false" showInSearchPopup="false" disabled="false" useConsole="true" showConsoleOnStdOut="true" showConsoleOnStdErr="true" synchronizeAfterRun="true">
    <exec>
      <option name="COMMAND" value="$PyInterpreterDirectory$/pylint" />
      <option name="PARAMETERS" value="--msg-template=&quot;$FileDir$/{path}:{line}:{column}:{C}:({symbol}){msg}&quot; /home/cyrill/onegov-cloud/src/onegov/activity" />
      <option name="WORKING_DIRECTORY" value="$ContentRoot$" />
    </exec>
    <filter>
      <option name="NAME" value="No name" />
      <option name="DESCRIPTION" />
      <option name="REGEXP" value="$FILE_PATH$:$LINE$:$COLUMNS:.*" />
    </filter>
  </tool>
</toolSet>