<application>
  <component name="GraziConfig">
    <option name="enabledLanguages">
      <set>
        <option value="English (US)" />
        <option value="German (Germany)" />
      </set>
    </option>
    <option name="userEnabledRules">
      <set>
        <option value="LanguageTool.DE.BEZUG_NEHMEND" />
        <option value="LanguageTool.DE.HAUPTPROTAGONIST" />
        <option value="LanguageTool.EN.DUE_TO_THE_FACT" />
        <option value="LanguageTool.DE.SENTENCE_WITH_MAN_DE" />
        <option value="LanguageTool.EN.CANT_HELP_BUT" />
        <option value="LanguageTool.EN.EN_CONSISTENT_APOS" />
        <option value="LanguageTool.EN.AT_YOUR_EARLIEST_CONVENIENCE" />
        <option value="LanguageTool.DE.TEL" />
        <option value="LanguageTool.EN.O_CONNOR" />
        <option value="LanguageTool.EN.REGARD_AS_BEING" />
        <option value="LanguageTool.DE.PUNCTUATION_PARAGRAPH_END" />
        <option value="LanguageTool.EN.SPACE_BEFORE_PARENTHESIS" />
        <option value="LanguageTool.EN.FOR_THE_PURPOSE_OF" />
        <option value="LanguageTool.EN.REFERRING_BACK" />
        <option value="LanguageTool.EN.ACCURATE" />
        <option value="LanguageTool.DE.STYLE_REPEATED_WORD_RULE_DE" />
        <option value="LanguageTool.EN.SINGULAR_THAT_WHICH_WHO_AGREEMENT" />
        <option value="LanguageTool.EN.WH_PHRASE_AGREEMENT" />
        <option value="LanguageTool.EN.HAVE_A_TENDENCY" />
        <option value="LanguageTool.DE.READABILITY_RULE_SIMPLE_DE" />
        <option value="LanguageTool.EN.BRIEF_MOMENT" />
        <option value="LanguageTool.EN.THE_TRUTH_OR_FACT_IS" />
        <option value="LanguageTool.DE.UVM_ABK" />
        <option value="LanguageTool.DE.PARAGRAF_LEERZEICHEN" />
        <option value="LanguageTool.EN.IN_THE_AFFIRMATIVE" />
        <option value="LanguageTool.EN.TOO_LONG_PARAGRAPH" />
        <option value="LanguageTool.DE.FREUNDLICHE_KENNTNISNAHME" />
        <option value="LanguageTool.DE.SATZ_OHNE_PRAED" />
        <option value="LanguageTool.EN.OCCASION_TRANSITIVE_VERB_VERY_FORMAL" />
        <option value="LanguageTool.EN.TYPO_THEY_S" />
        <option value="LanguageTool.EN.PLUS_MINUS" />
        <option value="LanguageTool.DE.FALSCHE_VERWENDUNG_DES_BINDESTRICHS" />
        <option value="LanguageTool.EN.EN_SPECIFIC_CASE" />
        <option value="LanguageTool.DE.SINN_MACHEN" />
        <option value="LanguageTool.EN.HONEST_TRUTH" />
        <option value="LanguageTool.EN.CURRENTLY" />
        <option value="LanguageTool.EN.AT_ALL_TIMES" />
        <option value="LanguageTool.EN.IT_IS_OBVIOUS" />
        <option value="LanguageTool.EN.TIME_NOW" />
        <option value="LanguageTool.EN.I_VE_A" />
        <option value="LanguageTool.EN.TYPO_AS_HAS_WAS" />
        <option value="LanguageTool.EN.DESPITE_THE_FACT" />
        <option value="LanguageTool.EN.WAITING_MY_PATIENT" />
        <option value="LanguageTool.EN.SUFFICIENT" />
        <option value="LanguageTool.EN.AS_A_MATTER_OF_FACT" />
        <option value="LanguageTool.DE.ALLEINE" />
        <option value="LanguageTool.EN.COMMA_PERIOD_CONFUSION" />
        <option value="LanguageTool.EN.FOR_THE_MOST_PART" />
        <option value="LanguageTool.EN.CAPITALIZATION_NNP_DERIVED" />
        <option value="LanguageTool.EN.PASSIVE_VOICE" />
        <option value="LanguageTool.DE.EMPTY_LINE" />
        <option value="LanguageTool.EN.BLEND_TOGETHER" />
        <option value="LanguageTool.DE.SUBJ_VERBLETZTSTELLUNG" />
        <option value="LanguageTool.DE.AUSLASSUNGSPUNKTE" />
        <option value="LanguageTool.EN.COMMA_BEFORE_AND" />
        <option value="LanguageTool.EN.DOES_XX_CAN" />
        <option value="LanguageTool.DE.UNNECESSARY_PHRASES_DE" />
        <option value="LanguageTool.EN.TYPO_OR_OF" />
        <option value="LanguageTool.EN.THE_UNDERSIGNED" />
        <option value="LanguageTool.EN.CD_TH" />
        <option value="LanguageTool.DE.SICH_GEGENSEITIG" />
        <option value="LanguageTool.EN.BE_ADVISED" />
        <option value="LanguageTool.EN.IN_TERMS_OF" />
        <option value="LanguageTool.EN.TRADEMARK" />
        <option value="LanguageTool.EN.WIKIPEDIA_12_PM" />
        <option value="LanguageTool.EN.BARE_INFINITIVE_CAUSATIVE_VERB_MAKE_PRP_VBZ" />
        <option value="LanguageTool.DE.UND_SATZANFANG" />
        <option value="LanguageTool.EN.WORLD_AROUND_IT" />
        <option value="LanguageTool.EN.WORD_CONTAINS_UNDERSCORE" />
        <option value="LanguageTool.EN.EN_DASH_RULE" />
        <option value="LanguageTool.EN.ENGLISH_WORD_REPEAT_BEGINNING_RULE" />
        <option value="LanguageTool.EN.UNTIL_SUCH_TIME_AS" />
        <option value="LanguageTool.EN.PARAGRAPH_REPEAT_BEGINNING_RULE" />
        <option value="LanguageTool.EN.IN_THE_CASE_OF" />
        <option value="LanguageTool.EN.UPPERCASE_SENTENCE_START" />
        <option value="LanguageTool.EN.SERIAL_COMMA_ON" />
        <option value="LanguageTool.DE.WHITESPACE_PARAGRAPH" />
        <option value="LanguageTool.EN.NON_STANDARD_QUESTION_MARK" />
        <option value="LanguageTool.DE.DRUM_DARUM" />
        <option value="LanguageTool.DE.PASSIVE_SENTENCE_DE" />
        <option value="LanguageTool.DE.X_SOLL_XXXX" />
        <option value="LanguageTool.DE.FILLER_WORDS_DE" />
        <option value="LanguageTool.EN.TYPO_AN_AND" />
        <option value="LanguageTool.EN.PREVENT_FROM" />
        <option value="LanguageTool.EN.MAKE_DECISIONS_ABOUT" />
        <option value="LanguageTool.DE.FUER_UMSONST" />
        <option value="LanguageTool.EN.IN_A_VERY_REAL_SENSE" />
        <option value="LanguageTool.EN.METRIC_UNITS_EN_US" />
        <option value="LanguageTool.EN.WHITESPACE_RULE" />
        <option value="LanguageTool.DE.EXTRA_STIL" />
        <option value="LanguageTool.EN.COMMA_WHICH" />
        <option value="LanguageTool.EN.CLEARLY_OR_OBVIOUSLY" />
        <option value="LanguageTool.EN.NOT_THE_SAME" />
        <option value="LanguageTool.EN.WORTHWHILE" />
        <option value="LanguageTool.EN.ALSO_SENT_END" />
        <option value="LanguageTool.EN.CHILDISH_LANGUAGE" />
        <option value="LanguageTool.EN.THE_CC" />
        <option value="LanguageTool.EN.PROFANITY" />
        <option value="LanguageTool.EN.IN_A_X_MANNER" />
        <option value="LanguageTool.EN.BARE_INFINITIVE_VERB_OF_PERCEPTION_SEE_PRP_VBZ" />
        <option value="LanguageTool.EN.WIKIPEDIA_12_AM" />
        <option value="LanguageTool.DE.VOLL_BLOED" />
        <option value="LanguageTool.EN.STATE-OF-THE-ART" />
        <option value="LanguageTool.EN.IN_THE_PROCESS_OF" />
        <option value="LanguageTool.EN.BEST_EVER" />
        <option value="LanguageTool.EN.FOR_ALL_INTENTS_AND_PURPOSES" />
        <option value="LanguageTool.DE.SATZSTELLUNG_KON_UNT_VERB_AM_ENDE" />
        <option value="LanguageTool.DE.ABKUERZUNG_LEERZEICHEN" />
        <option value="LanguageTool.DE.SCHNELLE_ANTWORT" />
        <option value="LanguageTool.EN.HYPOTHESIS_TYPOGRAPHY" />
        <option value="LanguageTool.DE.DE_SIMILAR_NAMES" />
        <option value="LanguageTool.EN.PUNCTUATION_PARAGRAPH_END2" />
        <option value="LanguageTool.EN.THAT_EXISTS" />
        <option value="LanguageTool.EN.TYPEWRITER_APOSTROPHE" />
        <option value="LanguageTool.EN.EN_REDUNDANCY_REPLACE" />
        <option value="LanguageTool.EN.TELL_IT" />
        <option value="LanguageTool.EN.NEGATE_MEANING" />
        <option value="LanguageTool.DE.ANFUEHRUNG_KOMPOSITA" />
        <option value="LanguageTool.EN.DRAW_ATTENTION" />
        <option value="LanguageTool.DE.DATUM_ZUKUNFT_VERB_VERGANGENHEIT" />
        <option value="LanguageTool.EN.WHITESPACE_PARAGRAPH" />
        <option value="LanguageTool.EN.APOSTROPHE_IN_DAYS" />
        <option value="LanguageTool.EN.TIRED_INTENSIFIERS" />
        <option value="LanguageTool.EN.PROFANITY_TYPOS" />
        <option value="LanguageTool.DE.ZWEIUNDVIERZIG" />
        <option value="LanguageTool.DE.NICHTSDESTOTROTZ_II" />
        <option value="LanguageTool.EN.NOT_VERY_OFTEN" />
        <option value="LanguageTool.EN.TWO_HYPHENS" />
        <option value="LanguageTool.EN.And" />
        <option value="LanguageTool.EN.ACCELERATE" />
        <option value="LanguageTool.DE.ZAHL_JAHRELANG" />
        <option value="LanguageTool.EN.NOT_ABLE" />
        <option value="LanguageTool.EN.SENTENCE_WHITESPACE" />
        <option value="LanguageTool.EN.TL_DR" />
        <option value="LanguageTool.EN.IN_MY_OPINION" />
        <option value="LanguageTool.EN.in_excess_of" />
        <option value="LanguageTool.DE.EGAL_STIL" />
        <option value="LanguageTool.EN.DOUBLE_APOSTROPHE" />
        <option value="LanguageTool.EN.READABILITY_RULE_SIMPLE" />
        <option value="LanguageTool.EN.BY_MEANS_OF" />
        <option value="LanguageTool.EN.IT_SEEMS_OR_APPEARS_THAT" />
        <option value="LanguageTool.EN.FILE_EXTENSIONS_CASE" />
        <option value="LanguageTool.DE.PUNKT_UND_KLAMMER" />
        <option value="LanguageTool.EN.SPURIOUS_APOSTROPHE" />
        <option value="LanguageTool.EN.EN_PLAIN_ENGLISH_REPLACE" />
        <option value="LanguageTool.DE.KOMPLETT_STIL" />
        <option value="LanguageTool.EN.ACCOMMODATION" />
        <option value="LanguageTool.DE.WURST_DES_TODES" />
        <option value="LanguageTool.EN.WHOLE_OTHER" />
        <option value="LanguageTool.EN.YOU_ARE_REQUESTED" />
        <option value="LanguageTool.EN.REASON_WHY" />
        <option value="LanguageTool.DE.IMP_AUX" />
        <option value="LanguageTool.EN.EMPTY_LINE" />
        <option value="LanguageTool.EN.ON_THE_OCCASION_OF" />
        <option value="LanguageTool.EN.WIKIPEDIA_CURRENTLY" />
        <option value="LanguageTool.DE.SIE_KEINE_ANREDE" />
        <option value="LanguageTool.EN.UNIT_SPACE" />
        <option value="LanguageTool.DE.HOCHACHTUNGSVOLL" />
        <option value="LanguageTool.EN.CONSECUTIVE_SPACES" />
        <option value="LanguageTool.EN.ALONG_THE_LINES_OF" />
        <option value="LanguageTool.EN.TYPOGRAPHICAL_APOSTROPHE" />
        <option value="LanguageTool.EN.ON_TWO_SEPARATE_OCCASIONS" />
        <option value="LanguageTool.EN.NOT_UNLIKE" />
        <option value="LanguageTool.EN.BASIS_ON_A" />
        <option value="LanguageTool.EN.VERB_HERE_SINCE" />
        <option value="LanguageTool.EN.VERY_SMALL_TINY" />
        <option value="LanguageTool.EN.WHAT_I_MEAN_TO_SAY_IS_THAT" />
        <option value="LanguageTool.EN.TYPO_ID_IF" />
        <option value="LanguageTool.EN.NON_STANDARD_WORD" />
        <option value="LanguageTool.EN.ALL_THINGS_CONSIDERED" />
        <option value="LanguageTool.DE.KOMMA_VOR_INFINITIVGRUPPEN_OPT" />
        <option value="LanguageTool.DE.VOR_KURZEM" />
        <option value="LanguageTool.EN.WIKIPEDIA_CONTRACTIONS" />
        <option value="LanguageTool.EN.OBTAIN" />
        <option value="LanguageTool.DE.SOWOHL_UND" />
        <option value="LanguageTool.DE.KOMMA_NACH_AUSRUF" />
        <option value="LanguageTool.EN.NOT_ACCEPT" />
        <option value="LanguageTool.EN.DASH_RULE" />
        <option value="LanguageTool.EN.TAG_QUESTIONS_2" />
        <option value="LanguageTool.EN.MAJORITY" />
        <option value="LanguageTool.DE.ORDER_OF_WORDS" />
        <option value="LanguageTool.EN.ASSIST_ASSISTANCE" />
        <option value="LanguageTool.EN.SPACE_BETWEEN_NUMBER_AND_WORD" />
        <option value="LanguageTool.DE.SIE_ANREDE" />
        <option value="LanguageTool.EN.ACQUIRE" />
        <option value="LanguageTool.DE.TYPOGRAFISCHES_ZOLLZEICHEN" />
        <option value="LanguageTool.EN.HASH_SYMBOL" />
        <option value="LanguageTool.EN.HOPEFULLY" />
        <option value="LanguageTool.EN.HOW_IS_ARE" />
        <option value="LanguageTool.EN.EN_QUOTES" />
        <option value="LanguageTool.EN.APOSTROPHE_VS_QUOTE" />
        <option value="LanguageTool.EN.QUESTION_X_WHETHER" />
        <option value="LanguageTool.DE.ZUSAMMENSCHREIBUNG_DAZU" />
        <option value="LanguageTool.EN.APOSTROPHE_PLURAL_" />
        <option value="LanguageTool.EN.RUDE_SARCASTIC" />
        <option value="LanguageTool.EN.ADVERB_WORD_ORDER_10_TEMP" />
        <option value="LanguageTool.DE.TYPOGRAFISCHE_ANFUEHRUNGSZEICHEN_2" />
        <option value="LanguageTool.EN.THE_PROOF_IS_IN_THE_PUDDING" />
        <option value="LanguageTool.DE.EMPFOHLEN_AUFWENDIG" />
        <option value="LanguageTool.EN.IN_THE_NEIGHBORHOOD_OF" />
        <option value="LanguageTool.EN.BECAUSE" />
        <option value="LanguageTool.DE.REDUNDANT_MODAL_VERB" />
        <option value="LanguageTool.DE.MULTIPLICATION_SIGN" />
        <option value="LanguageTool.EN.THIS_ALL" />
        <option value="LanguageTool.EN.USELESS_THAT" />
        <option value="LanguageTool.EN.NOT_CERTAIN" />
        <option value="LanguageTool.EN.ON_THE_OTHER_HAND" />
        <option value="LanguageTool.EN.TYPE_OF" />
        <option value="LanguageTool.DE.WHITESPACE_PARAGRAPH_BEGIN" />
        <option value="LanguageTool.EN.ABUNDANCE" />
        <option value="LanguageTool.EN.R_SYMBOL" />
        <option value="LanguageTool.DE.NOMEN_KLEIN2" />
        <option value="LanguageTool.DE.UM_LETZTERES" />
        <option value="LanguageTool.DE.ANFUEHRUNGSZEICHEN_DE_AT" />
        <option value="LanguageTool.EN.SENT_START_NUM" />
        <option value="LanguageTool.EN.ACCOMPLISH" />
        <option value="LanguageTool.EN.ARROWS" />
        <option value="LanguageTool.EN.DT_NNS_AGREEMENT" />
        <option value="LanguageTool.EN.APOS_SPACE_CONTRACTION" />
        <option value="LanguageTool.EN.HAPPY_CHRISTMAS" />
        <option value="LanguageTool.EN.POPULAR_AMONG_WITH" />
        <option value="LanguageTool.EN.ACCRUE" />
        <option value="LanguageTool.EN.SV_AGREEMENT_CLAUSES_PLURAL" />
        <option value="LanguageTool.DE.WISSENSCHAFTLER_BEHAUPTEN" />
        <option value="LanguageTool.EN.SV_AGREEMENT_CLAUSES_SINGULAR" />
        <option value="LanguageTool.EN.IN_A_MANNER_OF_SPEAKING" />
        <option value="LanguageTool.EN.SOONER_RATHER_THAN_LATER" />
        <option value="LanguageTool.DE.FEHLENDES_NOMEN" />
        <option value="LanguageTool.EN.AS_PER" />
        <option value="LanguageTool.DE.VLT_ABK" />
        <option value="LanguageTool.EN.EG_NO_COMMA" />
        <option value="LanguageTool.EN.EACH_AND_EVERY_NOUN" />
        <option value="LanguageTool.DE.SENTENCE_WITH_MODAL_VERB_DE" />
        <option value="LanguageTool.EN.COVID_19" />
        <option value="LanguageTool.DE.TYPOGRAFISCHE_APOSTROPHE" />
        <option value="LanguageTool.DE.TYPOGRAFISCHE_ANFUEHRUNGSZEICHEN" />
        <option value="LanguageTool.DE.MISSING_VERB" />
        <option value="LanguageTool.EN.WHITESPACE_PARAGRAPH_BEGIN" />
        <option value="LanguageTool.EN.AGREEMENT_THEIR_HIS" />
        <option value="LanguageTool.EN.PUNCTUATION_PARAGRAPH_END" />
        <option value="LanguageTool.EN.LARGE_NUMBER_OF" />
        <option value="LanguageTool.DE.AUCH_NACH_FEIERABEND" />
        <option value="LanguageTool.DE.SENTENCE_BEGINNING_WITH_CONJUNCTION_DE" />
        <option value="LanguageTool.EN.WITH_OR_IN_REFERENCE_OR_REGARD_TO" />
        <option value="LanguageTool.EN.BE_A_X_ONE" />
        <option value="LanguageTool.EN.MULTIPLICATION_SIGN" />
        <option value="LanguageTool.DE.HANDELN_DARUM_DARÜBER" />
        <option value="LanguageTool.DE.NON_SIGNIFICANT_VERB_DE" />
        <option value="LanguageTool.EN.GOT_IT_DONE" />
        <option value="LanguageTool.EN.COPYRIGHT" />
        <option value="LanguageTool.EN.IN_ORDER_TO" />
        <option value="LanguageTool.EN.TOO_LONG_SENTENCE" />
        <option value="LanguageTool.EN.DT_JJ_NO_NOUN" />
        <option value="LanguageTool.EN.THREE_NN" />
        <option value="LanguageTool.EN.TRY_AND" />
        <option value="LanguageTool.EN.PASSIONATE_BY_ABOUT_2" />
        <option value="LanguageTool.DE.STYLE_REPEATED_SENTENCE_BEGINNING" />
        <option value="LanguageTool.EN.ELLIPSIS" />
        <option value="LanguageTool.DE.TOO_LONG_PARAGRAPH" />
        <option value="LanguageTool.EN.EITHER_NOR" />
        <option value="LanguageTool.EN.WRONG_APOSTROPHE" />
        <option value="LanguageTool.EN.DIVIDE_IN_INTO" />
        <option value="LanguageTool.DE.UPPERCASE_SENTENCE_START" />
        <option value="LanguageTool.EN.LOOK_FORWARD_NOT_FOLLOWED_BY_TO" />
        <option value="LanguageTool.EN.LOOK_SLIKE" />
        <option value="LanguageTool.DE.AUFZAEHLUNG_EXTRA_UND" />
        <option value="LanguageTool.EN.PPL" />
        <option value="LanguageTool.DE.ANSTRENGEN_PHASE" />
        <option value="LanguageTool.DE.SOSEHR" />
        <option value="LanguageTool.EN.TO_DO_HYPHEN" />
        <option value="LanguageTool.DE.UEBERSENDEN" />
        <option value="LanguageTool.EN.WILL_ALLOW" />
        <option value="LanguageTool.EN.IN_THE_NATURE_OF" />
        <option value="LanguageTool.EN.ID_CASING" />
        <option value="LanguageTool.EN.HAVE_THE_ABILITY_TO" />
        <option value="LanguageTool.EN.SOLICIT_FOR" />
        <option value="LanguageTool.DE.STYLE_REPEATED_SHORT_SENTENCES" />
        <option value="LanguageTool.EN.IN_THE_EVENT" />
        <option value="LanguageTool.DE.ISBN-NUMMER" />
        <option value="LanguageTool.DE.GERMAN_PARAGRAPH_REPEAT_BEGINNING_RULE" />
        <option value="LanguageTool.EN.ARE_ABLE_TO" />
        <option value="LanguageTool.DE.FALSCHES_RELATIVPRONOMEN" />
        <option value="LanguageTool.EN.NON_STANDARD_COMMA" />
        <option value="LanguageTool.EN.COMMA_PARENTHESIS_WHITESPACE" />
        <option value="LanguageTool.DE.READABILITY_RULE_DIFFICULT_DE" />
        <option value="LanguageTool.EN.EMPHATIC_REFLEXIVE_PRONOUNS" />
        <option value="LanguageTool.EN.CURRENCY_SPACE" />
        <option value="LanguageTool.EN.SINGULAR_NOUN_THAT_AGREEMENT" />
        <option value="LanguageTool.EN.ARTICLE_MISSING" />
        <option value="LanguageTool.EN.PLURAL_THAT_WHICH_WHO_AGREEMENT" />
        <option value="LanguageTool.EN.GOOD_FLUCK" />
        <option value="LanguageTool.EN.USED_FOR_VBG" />
        <option value="LanguageTool.DE.KOMMA_NACH_INFINITIVGRUPPEN_OPT" />
        <option value="LanguageTool.EN.CAN_NOT" />
        <option value="LanguageTool.EN.ACCOMPANY" />
        <option value="LanguageTool.EN.AND_ALSO" />
        <option value="LanguageTool.EN.NOT_MANY" />
        <option value="LanguageTool.DE.SCHRÄGSTRICH_DATUM" />
        <option value="LanguageTool.DE.TRIPLE_PRIME_ZEICHEN" />
        <option value="LanguageTool.EN.EN_REPEATEDWORDS" />
        <option value="LanguageTool.EN.TAKE_ACTION_TO" />
        <option value="LanguageTool.EN.IE_NO_COMMA" />
        <option value="LanguageTool.EN.SERIAL_COMMA_OFF" />
        <option value="LanguageTool.EN.TOO_TO_EITHER" />
        <option value="LanguageTool.EN.EXACT_SAME" />
        <option value="LanguageTool.EN.TRYNA" />
        <option value="LanguageTool.EN.ACCEDE_TO" />
        <option value="LanguageTool.DE.ERGEBENST" />
        <option value="LanguageTool.EN.CURRENCY" />
        <option value="LanguageTool.EN.IN_THE_FINAL_ANALYSIS" />
        <option value="LanguageTool.EN.ACCENTUATE" />
        <option value="LanguageTool.DE.ANDERS_ALS_OFT_BEHAUPTET" />
        <option value="LanguageTool.DE.BISSTRICH" />
        <option value="LanguageTool.EN.MAKE_AN_ATTEMPT" />
        <option value="LanguageTool.EN.WHO_WHOM" />
        <option value="LanguageTool.EN.FLASHPOINT" />
        <option value="LanguageTool.EN.READABILITY_RULE_DIFFICULT" />
        <option value="LanguageTool.EN.SMALL_NUMBER_OF" />
        <option value="LanguageTool.EN.APOSTROPHE_IN_DATES" />
        <option value="LanguageTool.DE.LG" />
        <option value="LanguageTool.EN.SENTENCE_FRAGMENT" />
        <option value="LanguageTool.EN.MISSING_APOSTROPHE" />
        <option value="LanguageTool.DE.TOO_LONG_SENTENCE_DE" />
        <option value="LanguageTool.EN.GONNA_TEMP" />
        <option value="LanguageTool.DE.VERBLEIBEN_WIR" />
        <option value="LanguageTool.EN.BELATED" />
        <option value="LanguageTool.EN.NON_ENGLISH_CHARACTER_IN_A_WORD" />
      </set>
    </option>
    <option name="suppressingContext">
      <SuppressingContext>
        <option name="suppressed">
          <set>
            <option value="(The default" />
            <option value="&quot;" />
            <option value="be" />
            <option value="if possible," />
            <option value="are" />
            <option value="Test that if" />
            <option value=":" />
            <option value="As admin or" />
            <option value="is assumed to be" />
            <option value="groupby expects the" />
          </set>
        </option>
      </SuppressingContext>
    </option>
  </component>
</application>