<keymap version="1" name="macOS copy" parent="Mac OS X 10.5+">
  <action id="Back">
    <keyboard-shortcut first-keystroke="meta open_bracket" />
    <mouse-shortcut keystroke="button4" />
    <keyboard-shortcut first-keystroke="shift meta i" />
  </action>
  <action id="ExternalSystem.ProjectRefreshAction" />
  <action id="FindPrevious" />
  <action id="Forward">
    <keyboard-shortcut first-keystroke="meta close_bracket" />
    <mouse-shortcut keystroke="button5" />
    <keyboard-shortcut first-keystroke="shift meta o" />
  </action>
  <action id="GotoFile" />
  <action id="NextTab">
    <keyboard-shortcut first-keystroke="shift alt f" />
  </action>
  <action id="PreviousTab">
    <keyboard-shortcut first-keystroke="shift alt d" />
  </action>
  <action id="hg4idea.QFold" />
</keymap>