<keymap version="1" name="GNOME Proper Redo" parent="Default for GNOME">
  <action id="$Redo">
    <keyboard-shortcut first-keystroke="shift ctrl z" />
    <keyboard-shortcut first-keystroke="shift alt back_space" />
    <keyboard-shortcut first-keystroke="ctrl y" />
  </action>
  <action id="CommentByBlockComment">
    <keyboard-shortcut first-keystroke="shift alt quote" />
  </action>
  <action id="CommentByLineComment" />
  <action id="EditorDeleteLine" />
  <action id="SelectInProjectView">
    <keyboard-shortcut first-keystroke="shift alt 2" />
  </action>
</keymap>