<keymap version="1" name="GNOME copy" parent="Default for GNOME">
  <action id="$Redo">
    <keyboard-shortcut first-keystroke="shift ctrl z" />
    <keyboard-shortcut first-keystroke="shift alt back_space" />
    <keyboard-shortcut first-keystroke="ctrl y" />
  </action>
  <action id="$SearchWeb">
    <keyboard-shortcut first-keystroke="shift alt 4" />
  </action>
  <action id="CommentByBlockComment">
    <keyboard-shortcut first-keystroke="shift alt quote" />
  </action>
  <action id="CommentByLineComment">
    <keyboard-shortcut first-keystroke="shift alt dead_grave" />
  </action>
  <action id="Console.TableResult.DeleteRows">
    <keyboard-shortcut first-keystroke="ctrl less" />
  </action>
  <action id="Editor Redo">
    <keyboard-shortcut first-keystroke="ctrl y" />
  </action>
  <action id="Editor SearchWeb">
    <keyboard-shortcut first-keystroke="shift alt 4" />
  </action>
  <action id="EditorDeleteLine">
    <keyboard-shortcut first-keystroke="ctrl less" />
  </action>
  <action id="ForceOthersToFollowAction" />
  <action id="GotoTest" />
  <action id="OpenFile">
    <keyboard-shortcut first-keystroke="shift ctrl alt o" />
  </action>
  <action id="ReopenClosedTab">
    <keyboard-shortcut first-keystroke="shift ctrl t" />
  </action>
  <action id="SelectInProjectView">
    <keyboard-shortcut first-keystroke="shift alt 2" />
  </action>
  <action id="ServiceView.ShowServices" />
  <action id="ToggleBookmark7" />
  <action id="Vcs.UpdateProject" />
</keymap>