<keymap version="1" name="GNOME copy" parent="Default for GNOME">
  <action id="$Redo">
    <keyboard-shortcut first-keystroke="shift ctrl z" />
    <keyboard-shortcut first-keystroke="shift alt back_space" />
    <keyboard-shortcut first-keystroke="ctrl y" />
  </action>
  <action id="$SearchWeb">
    <keyboard-shortcut first-keystroke="shift alt 4" />
  </action>
  <action id="Annotate">
    <mouse-shortcut keystroke="button5" />
  </action>
  <action id="Back">
    <keyboard-shortcut first-keystroke="shift alt left" />
    <keyboard-shortcut first-keystroke="shift alt i" />
  </action>
  <action id="ChangesView.ToggleCommitUi" />
  <action id="CheckinProject" />
  <action id="CodeInspection.OnEditor" />
  <action id="CommentByBlockComment">
    <keyboard-shortcut first-keystroke="shift alt quote" />
  </action>
  <action id="CommentByLineComment">
    <keyboard-shortcut first-keystroke="shift alt dead_grave" />
  </action>
  <action id="Console.TableResult.DeleteRows">
    <keyboard-shortcut first-keystroke="ctrl less" />
  </action>
  <action id="Editor Redo">
    <keyboard-shortcut first-keystroke="ctrl y" />
  </action>
  <action id="Editor SearchWeb">
    <keyboard-shortcut first-keystroke="shift alt 4" />
  </action>
  <action id="EditorDeleteLine">
    <keyboard-shortcut first-keystroke="ctrl less" />
  </action>
  <action id="FindNext">
    <keyboard-shortcut first-keystroke="ctrl j" />
  </action>
  <action id="FindPrevious">
    <keyboard-shortcut first-keystroke="ctrl k" />
  </action>
  <action id="ForceOthersToFollowAction" />
  <action id="Forward">
    <keyboard-shortcut first-keystroke="shift alt right" />
    <keyboard-shortcut first-keystroke="shift alt o" />
  </action>
  <action id="Git.Commit.Stage" />
  <action id="GotoTest" />
  <action id="InsertLiveTemplate" />
  <action id="OpenFile">
    <keyboard-shortcut first-keystroke="shift ctrl alt o" />
  </action>
  <action id="RecentFiles" />
  <action id="ReopenClosedTab">
    <keyboard-shortcut first-keystroke="shift ctrl t" />
  </action>
  <action id="RunClass">
    <keyboard-shortcut first-keystroke="shift ctrl f10" />
    <keyboard-shortcut first-keystroke="f10" />
  </action>
  <action id="SelectInProjectView">
    <keyboard-shortcut first-keystroke="shift alt 2" />
  </action>
  <action id="SelectVirtualTemplateElement" />
  <action id="ServiceView.ShowServices" />
  <action id="ShowFilterPopup">
    <keyboard-shortcut first-keystroke="ctrl alt f" />
    <keyboard-shortcut first-keystroke="altGraph 5" />
  </action>
  <action id="SwitcherIterateItems" />
  <action id="SwitcherRecentEditedChangedToggleCheckBox" />
  <action id="ToggleBookmark7" />
  <action id="ToggleFullScreen">
    <keyboard-shortcut first-keystroke="shift alt f11" />
  </action>
  <action id="Vcs.UpdateProject" />
  <action id="VimPluginToggle">
    <keyboard-shortcut first-keystroke="shift alt v" />
  </action>
  <action id="copilot.applyInlays">
    <keyboard-shortcut first-keystroke="ctrl e" />
    <keyboard-shortcut first-keystroke="tab" />
  </action>
  <action id="copilot.enableCopilot" />
</keymap>