<application>
  <component name="CodeInsightSettings">
    <option name="REFORMAT_ON_PASTE" value="1" />
    <option name="INDENT_TO_CARET_ON_PASTE" value="true" />
    <option name="ADD_UNAMBIGIOUS_IMPORTS_ON_THE_FLY" value="true" />
  </component>
  <component name="CodeVisionSettings">
    <option name="enabled" value="false" />
  </component>
  <component name="EditorSettings">
    <option name="SHOW_QUICK_DOC_ON_MOUSE_OVER_ELEMENT" value="false" />
  </component>
  <component name="TodoConfiguration">
    <pattern pattern="\btodo\b.*" />
    <pattern pattern="\bfixme\b.*" />
  </component>
  <component name="XmlEditorOptions">
    <option name="autoCloseTag" value="false" />
    <option name="automaticallyInsertClosingTag" value="false" />
    <option name="automaticallyInsertRequiredAttributes" value="false" />
    <option name="automaticallyInsertRequiredSubTags" value="false" />
    <option name="automaticallyStartAttribute" value="false" />
    <option name="insertQuotesForAttributeValue" value="false" />
    <option name="syncTagEditing" value="false" />
  </component>
</application>