<application>
  <component name="FindSettings">
    <option name="caseSensitive" value="true" />
    <option name="customScope" value="All Places" />
    <option name="defaultScopeName" value="All Places" />
    <option name="CASE_SENSITIVE_SEARCH" value="true" />
    <option name="SEARCH_SCOPE" value="All Places" />
    <option name="FILE_MASK" value="*.py" />
    <mask>*.html</mask>
    <mask>*.xml</mask>
    <mask>*.pyw</mask>
    <mask>*.css</mask>
    <mask>*.yml</mask>
    <mask>*.scss</mask>
    <mask>*.js</mask>
    <mask>*.po</mask>
    <mask>*.pt</mask>
    <mask>*scss</mask>
    <mask>*js</mask>
    <mask>*css:</mask>
    <mask>*pt</mask>
    <mask>*md</mask>
    <mask>*py</mask>
    <mask>*po</mask>
    <mask>*.py</mask>
  </component>
</application>