<application>
  <component name="NodeJsLocalInterpreterManager">
    <local-interpreter path="/bin/node">
      <version-cache version="12.22.9" last-modified="1644381698000" />
    </local-interpreter>
    <local-interpreter path="/usr/bin/node">
      <version-cache version="12.22.9" last-modified="1644381698000" />
    </local-interpreter>
    <local-interpreter path="$USER_HOME$/.nvm/versions/node/v18.7.0/bin/node">
      <version-cache version="18.7.0" last-modified="1658845630000" />
    </local-interpreter>
  </component>
</application>