<application>
  <component name="UpdatesConfigurable">
    <ignoredBuildNumbers>
      <item value="231.8109.91" />
    </ignoredBuildNumbers>
    <option name="LAST_BUILD_CHECKED" value="PY-223.8836.43" />
    <option name="LAST_TIME_CHECKED" value="1679988800145" />
    <pluginHosts>
      <item value="https://plugins.jetbrains.com/plugins/eap/ideavim" />
    </pluginHosts>
    <option name="THIRD_PARTY_PLUGINS_ALLOWED" value="true" />
    <option name="UPDATE_CHANNEL_TYPE" value="eap" />
  </component>
</application>